{"cameraMode":{"drawMode":0,"name":"Shaded","section":"Shading Mode"},"sceneLighting":false,"audioPlay":false,"sceneViewState":{"m_AlwaysRefresh":false,"showFog":false,"showSkybox":false,"showFlares":false,"showImageEffects":false,"showParticleSystems":false,"showVisualEffectGraphs":true,"m_FxEnabled":true},"in2DMode":false,"pivot":{"x":1.3464763164520264,"y":0.012645736336708069,"z":-0.2220473289489746},"rotation":{"x":-0.004455867223441601,"y":0.9473457932472229,"z":-0.013071693480014801,"w":-0.3200022876262665},"size":1.7383135557174683,"orthographic":false}