{"cameraMode":{"drawMode":0,"name":"Shaded","section":"Shading Mode"},"sceneLighting":false,"audioPlay":false,"sceneViewState":{"m_AlwaysRefresh":false,"showFog":false,"showSkybox":false,"showFlares":false,"showImageEffects":false,"showParticleSystems":false,"showVisualEffectGraphs":true,"m_FxEnabled":true},"in2DMode":false,"pivot":{"x":-0.00030243396759033203,"y":1.026521921157837,"z":0.08168008923530579},"rotation":{"x":0.02478773146867752,"y":0.17606572806835175,"z":0.004471462219953537,"w":-0.9840841293334961},"size":1.7991458177566529,"orthographic":false}