{"cameraMode":{"drawMode":0,"name":"Shaded","section":"Shading Mode"},"sceneLighting":false,"audioPlay":false,"sceneViewState":{"m_AlwaysRefresh":false,"showFog":true,"showSkybox":false,"showFlares":true,"showImageEffects":true,"showParticleSystems":true,"showVisualEffectGraphs":true,"m_FxEnabled":true},"in2DMode":false,"pivot":{"x":37.59898376464844,"y":15.874794006347657,"z":-78.71307373046875},"rotation":{"x":0.014689520001411438,"y":-0.9735394716262817,"z":-0.06551346927881241,"w":-0.21855930984020234},"size":50.079185485839847,"orthographic":false}