{"cameraMode":{"drawMode":0,"name":"Shaded","section":"Shading Mode"},"sceneLighting":true,"audioPlay":false,"sceneViewState":{"m_AlwaysRefresh":false,"showFog":true,"showSkybox":true,"showFlares":true,"showImageEffects":true,"showParticleSystems":true,"showVisualEffectGraphs":true,"m_FxEnabled":true},"in2DMode":false,"pivot":{"x":382.39666748046877,"y":204.74392700195313,"z":-244.95980834960938},"rotation":{"x":-0.026663120836019517,"y":-0.04055559262633324,"z":-0.0011632696259766818,"w":0.9988682270050049},"size":26.196308135986329,"orthographic":false}